,user_id,comment,time,date,rating
0,user_1,"Este local vegetariano tiene muy buen ambiente y el personal es muy agradable y servicial. La comida est√° deliciosa porque el sabor es muy bueno.
No obstante, no pongo 5 estrellas debido a que el precio me parece elevado para las porciones que ofrecen. Me parecen platos peque√±os para un men√∫ de 24‚Ç¨ (de entrante, principal y postre) que √∫nicamente ofrece agua como bebida.",Hace 2 meses,2024-10-12,3 estrellas
1,user_2,"Hacia mucho tiempo que no veniamos y no ha cambiado nada la calidad de la comida, estaba deliciosa.
No obstante no le pongo 5 estrellas porque las lentejas al curry estaban un poco duras , y no se si ese fue el motivo de que tuvi√©semos una digesti√≥n llam√©moslo ""complicada"".",Hace 2 meses,2024-10-12,4 estrellas
2,user_3,"Pedimos tres tipo tostadas porque quer√≠amos probar varias, tost√° de Hummus, tost√° de huevo y aguacate y queso con aguacate, que estaban muy buenas y las vistas son preciosas frente al puerto.

Ped√≠ cafe con leche sin lactosa, a lo que el chico me inform√≥ que no dispon√≠a de leche sin lactosa, solo leche entera o de avena.

Aunque no me gusta la leche de avena y debido a mi intolerancia lo ped√≠, y en vaso porque lo prefiero antes que la taza, para mi sopresa nos cobraron 10cnt m√°s por la leche de avena y un suplemento por el vaso, lo que me pareci√≥ bastante feo.

Un desayuno bastante caro",Hace 3 meses,2024-09-12,3 estrellas
3,user_4,"Local vegetariano, muy tranquilo, con terraza, ubicado en el puerto de Hondarribia. La comida est√° exquisita, comimos el men√∫ del d√≠a que tienen (20,50‚Ç¨) y todo estaba delicioso. Cambian el menu cada semana. Parada obligatoria si quieres degustar platos vegetarianos.",Hace 6 meses,2024-06-12,5 estrellas
4,user_5,"Desayuno exquisito. Uno de los mejores que hemos probado. A destacar el smoothie y la tostada con crema de cacahuete, pl√°tano y chocolate, espectacular.",Hace 4 meses,2024-08-12,5 estrellas
5,user_6,"La comida muy bien, todo muy rico, pero el problema es que desde que te sientas hasta que acabas de comer, tardan mucho, puede que haya sido solo cosa de hoy, pero desde que llegan los entrantes y de los entrantes pasamos al principal... He tenido mis dudas de si poner 5 estrellas porque de verdad, hemos tardado mucho en comer, pero es cierto que la comida est√° muy buena.

As√≠ que si nos quedamos con lo bueno, la comida merece la pena, es una muy buena opci√≥n para los vegetarianos y est√° muy bien ubicado.",Hace un a√±o,2023-12-12,5 estrellas
6,user_7,"Qu√© pena. Amaba este sitio. Han hecho varios cambios y en mi opini√≥n para mucho peor. Ahora solo hay men√∫ cerrado y 4 cosas para picar, por lo que variedad se reduce much√≠simo. Pero lo peor es que las raciones son rid√≠culas. Te quedas con hambre. Y eso que pedimos un entrante a parte! Adem√°s, la presentaci√≥n de los platos ha bajado mucho. Todo es m√°s sencillo. Imagino que genial para la preparaci√≥n y rendimiento econ√≥mico. Pero el resultado es algo mucho m√°s mediocre.",Hace un mes,2024-11-12,2 estrellas
7,user_8,"Hemos ido a desayunar y hemos pedido dos caf√©s, una tosta de aguacate queso y huevo poch√©, una tostada de crema de cacahuete y pl√°tano y un trozo de tarta de zanahoria. La verdad es que todo muy rico pero el camarero bastante empanado. Tienen cosas en carta que luego no hay pero no se aclara mucho. El servicio algo lento tambi√©n. Pero en general positivo. Para repetir. Las mezclas de sabores son brutales.",Hace un a√±o,2023-12-12,4 estrellas
8,user_9,"Muy recomendable.

Tienen una carta con sentido y un servicio muy profesional del equipo. Atenci√≥n muy buena y r√°pida a pesar de estar lleno.

Pedimos dos croquetas. Notables.
Gazpacho y berenjena (esta √∫ltima muy buena salsa y combinaci√≥n con el arroz)
Y de principales arroz chaufa y fideua vegana. Esta √∫ltima muy bien conseguida.

De postre la tarta vegana era grande y contundente, sin ser empalagosa.

Acabamos encantados, y lo recomendamos encarecidamente.

Enhorabuena al restaurante, da gusto encontrar restaurantes vegetarianos dignos y a un precio razonable. 5/5 sin duda.",Hace 2 a√±os,2022-12-12,5 estrellas
9,user_10,"La chica que nos atendi√≥ muy irrespetuosa con todas las mesas ‚Äúesp√©rense un momento tengo m√°s trabajo‚Äù llevaba esperando 20 minutos a que me atendieras  , as√≠ a varias mesas , muy borde al atendernos , menos mal que no volver√©.
Adem√°s le pedimos un cenicero para no tirar las colillas al suelo y su respuesta fue que nos levant√°semos nosotros",Hace 2 semanas,2024-11-28,5 estrellas
10,user_11,"Men√∫ cerrado por 18‚Ç¨ en la terraza.
Ensalada de espinacas etc demasiado queso y muy poco vegetal. Le falta m√°s espinacas y m√°s lechuga. El queso se puede reducir a fina lluvia o lo retira el cliente si as√≠ lo desea.
Lasa√±a de berenjena. Inicialmente nos parec√≠a muy grasosa, pero al degustarla no es as√≠.
Arroz con leche de coco y mermelada de mango con una fina ralladura de Lima. Delic√≠oso.
Los ba√±os est√°n limpios.
La decoraci√≥n del local muy apropiada.",Hace 2 a√±os,2022-12-12,4 estrellas
11,user_12,"La localizaci√≥n de Curry Verde es excelente, con mucha luz. El local tambi√©n es muy bonito.
El d√≠a que fuimos (26) no estaban de muy buen humor, por el motivo que fuera, y tampoco nos supieron explicar con certeza qu√© era vegano y qu√© no (el men√∫ digital tampoco es excesivamente claro), esto no me da seguridad para comer all√≠... Aunque tras preguntar en cocina nos quedamos m√°s tranquilas.
La comida estaba muy rica, se agradecer√≠a que tengan reemplazos veganos, por ejemplo un queso vegano para la hamburguesa y no que te quiten ingredientes y te lo dejen al mismo precio.
Creo que la verdadera integraci√≥n del veganismo llegar√° cuando se ofrezcan alternativas :)",Hace 11 meses,2024-01-12,4 estrellas
12,user_13,"Primero felicitar al equipo por ser el primer restaurante que visitamos en todo San Sebasti√°n que manten√≠a alg√∫n tipo de distancia de seguridad entre las mesas, lo cual agradecimos enormemente.

Adem√°s, la comida estaba riqu√≠sima, la salsa de las patatas  de lujo, el curry verde era una gozada y el wok de verduras delicioso! Y un postre de 10.
El personal muy majo y atento.",Hace 4 a√±os,2020-12-12,5 estrellas
13,user_14,"Camarero la atenci√≥n poco profesional, por lo menos deb√≠a escuchar al cliente y m√°xime por una peque√±a incidencia sin importancia, pero si no se escucha dif√≠cil de tratar mejorar.
Por lo menos armon√≠a ya que se dedican a esto de ser camareros de un negocio o de su negocio.
No ir√© ni iremos nunca m√°s.",Hace un mes,2024-11-12,1 estrella
14,user_15,"Siempre es un gustazo ir. Comida rica y abundante. De precio es un poco cara, pero merece la pena.",Hace 4 meses,2024-08-12,5 estrellas
15,user_16,Un sitio agradable. Con buena terraza y una carta muy buena para disfrutar de una comida vegetariana. üå±,Hace 4 meses,2024-08-12,5 estrellas
16,user_17,"Un restaurante de comida vegetariana-vegana deliciosa. Me qued√© sorprendida con lo sabroso y rico que estaba la mayor√≠a de la comida. Mi plato favorito es el arroz chaufa y tampoco os pod√©is ir sin probar el lemon pie, el mejor que he probado hasta ahora. Suele ser dif√≠cil encontrar sitio para comer sin haber reservado antes.",Hace un a√±o,2023-12-12,5 estrellas
17,user_18,"Mi tercera vez all√≠ y cada vez que voy me quedo sorprendida con la sabros√≠sima mezcla de sabores y variedad de platos. Un vegetariano con muchas opciones veganas o veganizables (una pena tener que quitar el queso de los platos no veganos, ojal√° poder sustituirlos por queso vegano).

Pedimos alb√≥ndigas, arroz y verduras con salsa de curry verde, el calabac√≠n ahumado y un par de croquetas de br√≥coli. El postre, una tarta vegana de chocolate y aguacate. Todo sabros√≠simo. Muy recomendable.",Hace un a√±o,2023-12-12,4 estrellas
18,user_19,"Una muy buena opci√≥n para comer en Hondarribia, no soy vegetariano pero la verdad que en este restaurante est√° todo muy bueno.

Las croquetas de puerro y queso emmental son incre√≠bles y las comemos cada vez que pasamos por aqu√≠.

Los rollitos Thai tambi√©n muy buenos y recomendables.

Hemos probado tambi√©n el malai kofta y el taglionini, recomiendo especialmente el malai üëåüèºüëåüèº.

El servicio, el local y la limpieza: impecables!",Hace un a√±o,2023-12-12,5 estrellas
19,user_20,"Lugar bonito, espacioso y luminoso. Dispone tambi√©n de amplia terraza con vistas al puerto. Fuera de temporada de verano (entre junio y septiembre) hay cantidad aparcamientos gratuitos en los alrededores muy cerca. La comida preparada con gusto y en cantidades aceptables. Bueno, bonito y un precio acorde con √©ste tipo de cocina, cuyos productos parecen de calidad con resultado de platos sabrosos. Echar√≠a en falta algo m√°s de variedad ya que tengo intenci√≥n de volver y en un par de veces m√°s ya habr√© probado todo. El trato por el personal agradable y atento. Tronas para ni√±os peque√±os, amplios servicios equipados con cambiador para beb√©s y meriendas a partir de las 17:00 de la tarde. Fant√°stico",Hace 4 a√±os,2020-12-12,5 estrellas
20,user_21,"Es la segunda vez que venimos y se ha convertido en una parada obligatoria siempre que estamos en Hondarribia. Absolutamente todo lo que hemos probado est√° delicioso. En esta visita pedimos el rollito thai, las 3 croquetas que tienen (puerro, queso cabrales y br√≥coli) la ensalada viajera, el falafel y de postre pl√°tano asado con sopa de coco. Todos los platos son recomendables pero viendo el nivel pide lo que quieras, seguro que est√° riqu√≠simo.",Hace 2 a√±os,2022-12-12,5 estrellas
21,user_22,"Local vegetariano, muy tranquilo, con terraza y vistas al puerto de Hondarribia. El personal es muy amable y la comida est√° muy buena. Parada obligatoria si quieres degustar platos vegetarianos en esta localidad.",Hace un a√±o,2023-12-12,5 estrellas
22,user_23,"Una muy buena opci√≥n vegetariana y vegana en Hondarribia. La comida estuvo excelente: curry verde tailand√©s, wok, ensalada de quinoa y tarta de aguacate y crumble.
El camarero fue muy amable y dispuesto. Una pena la chica que nos trajo la tarta, porque lo hizo con desganas y fue muy antip√°tica. Recomiendo que mejor se quede en una parte del restaurante donde no tenga contacto con el p√∫blico. No me gusta salir de casa para que una arp√≠a me sirva una tarta! Por eso 4 y no 5 estrellas. Por lo dem√°s: estupendo.",Hace 4 a√±os,2020-12-12,4 estrellas
23,user_24,"Un restaurante vegetariano con una carta variada ubicado en el puerto deportivo de Hondarribia. Fuimos a cenar un viernes (previa reserva y solo quedaba una mesa) dos personas y pedimos para compartir una croqueta de queso azul, una croqueta de br√≥coli al curry verde, un rollito tailand√©s y unos totopos con guacamole. Los totopos muy buenos y la croqueta de br√≥coli muy ex√≥tica y con sabor intenso.
De plato principal, un curry rojo con salsa de cacahuete y leche de coco acompa√±ado de fideos de arroz sin gluten (para cel√≠acos) y una ensalada de burrata, tomate, mango y pesto sin gluten tambi√©n.
Todo muy rico.
De postre un alfajor de dulce de leche y maicena (muy grande) y un flan de dulce de leche con queso mascarpone.
Todo estupendo y precios adecuados.
Bueno opci√≥n para celiacos",Hace 3 a√±os,2021-12-12,5 estrellas
24,user_25,"Llevaba bastante tiempo intentando probar este restaurante y la experiencia ha sido muy positiva.

Pedimos la ensalada reverde, croquetas y el rollito thai para compartir, y despu√©s la hamburguesa, el arroz chaufa y los tallarines, todo estaba brutal!

A destacar tambi√©n la atenci√≥n del servicio, muy serviciales y adem√°s nos hicieron muy buenas recomendaciones.

Volveremos!",Hace 2 a√±os,2022-12-12,5 estrellas
25,user_26,"Despu√©s de mucho tiempo y muchos intentos, por fin pudimos probar sus platos.

La carta nos pareci√≥ un poco corta de ahi que no ponga un 5 ‚≠êÔ∏è, por ello los platos que ofrecen los tienen muy controlados de tanto repetirlos. Si algo funciona, para qu√© cambiarlo, as√≠ no defrauda.

Pedimos unos entrantes: Rollitos thai y ensalada viajera. Y de plato principal, arroz chaufa y Rigatoni a la capponatta. Sin postre, pero con caf√©.

Para dos, quedamos bien, no saciados, pero en su justa medida de cantidad. De sabor, todo espectacular.

El lugar acogedor, con mucho espacio, y disponen de terraza para los d√≠as apropiados poder comer fuera. El equipo muy atento y cordial.

Un vegetariano para apuntar.

Eso si, para reservar, hay que hacerlo con bastante tiempo, a nosotros nos cost√≥.",Hace un a√±o,2023-12-12,4 estrellas
26,user_27,"Comida vegetariana riqu√≠sima!

Tienen una carta variada con platos riqu√≠simos y presentados de una forma preciosa. Una cosa que me gust√≥ mucho es que en la p√°gina web, aparte de ver la carta completa, puedes filtrar aquellos alimentos a los que eres al√©rgico/intolerante y solo te salen aquellos platos que puedes degustar.

La atenci√≥n al cliente fue espectacular. Todos los camareros que nos atendieron son muy simp√°ticos y estuvieron pendientes de que estuvi√©semos agusto y de que no nos faltase nada.

La ubicaci√≥n es espectacular, con amplios lugares donde aparcar.

Si tienes intenci√≥n de ir te aconsejo que reserves mesa, ya que nosotros no reservamos y cogimos la √∫ltima mesa en la parte de fuera.",Hace 2 a√±os,2022-12-12,5 estrellas
27,user_28,"La comida incre√≠ble y la atenci√≥n estupenda. Sus cervezas artesanales muy recomendadas. En definitiva, un lugar para comer y descansar totalmente recomendable, tanto como por sus maravillosas vistas,  por la calidad precio y por su deliciosa salsa de curry verde, que de verdad no desmerece y hay que probarü§§‚Ä¶",Hace 4 a√±os,2020-12-12,5 estrellas
28,user_29,"El servicio una MARAVILLA, la comida ESPECTACULAR. Repetiremos seguro ü©∑",Hace 5 meses,2024-07-12,5 estrellas
29,user_30,"Restaurante vegetariano con muchas opciones tanto de desayuno como de carta para comer o cenar.

Los platos son grandes asi que se pueden compartir para probar diferentes cosas.

Pedimos la ensalada, curry thai y pasta con setas. De postre brownie y lemon pie, todo muy rico en un entorno muy agradable.",Hace 2 a√±os,2022-12-12,4 estrellas
30,user_31,"Hemos comido s√∫per agusto,mucha variedad de comida vegetariana buen√≠sima y un personal muy agradable, repetiremos sin duda.",Hace un a√±o,2023-12-12,5 estrellas
31,user_32,"Buscaba un lugar tranquilo y aqu√≠ lo encontr√©. Los camareros, muy atentos, me atendieron apenas me sent√©. Cerveza fresquita, vistas al puerto, muy agradable, la raci√≥n de calamares bien de calidad y a precio razonable. Volver√© por all√≠.",Hace 4 meses,2024-08-12,5 estrellas
32,user_33,"Muy recomendable para los que les guste probar platos nuevos y sabores diferentes. Buen servicio y ambiente agradable. Gracias,volveremos!",Hace 2 a√±os,2022-12-12,4 estrellas
33,user_34,"Los totopos estaban muy duros y tardaron por un error cerca de 40 minutos en servirlo, pero despu√©s no nos los cobraron como cortes√≠a. Nada que reprochar.
Comida vegetariana de calidad y un trato cercano y amable. Hemos comido muy a gusto üëçüèª‚Ä¶",Hace 4 a√±os,2020-12-12,5 estrellas
34,user_35,"Un lugar muy especial para disfrutar de aut√©ntica gastronom√≠a vegetariana, hecho todo con mucho mimo.
Est√° siempre al completo as√≠ que os animo a hacer vuestras reservas con tiempo o a aprovechar los d√≠as de sol para poder coger mesa en su terraza del n√°utico d√≥nde no se necesita reserva.
Felicidades por vuestro trabajo y crecimiento!! Que sig√°is as√≠ Curry Verde!",Hace 6 a√±os,2018-12-12,5 estrellas
35,user_36,"La comida muy buena, el ambiente muy tranquilo(quiz√° porque fuimos pronto) y adem√°s pudimos entrar con nuestro perro.
Eso s√≠, si te apetece un men√∫ de esos que salen tan lleno que no te puedes mover....no es tu sitio. Pero precisamente por eso tambi√©n me gust√≥",Hace 5 meses,2024-07-12,4 estrellas
36,user_37,"El trato y el servicio son muy agradables, y la comida est√° incre√≠ble, lugar con opciones vegetarianas/veganas muy interesante. Sin duda para repetir!",Hace 2 a√±os,2022-12-12,5 estrellas
37,user_38,"Platos muy bien elaborados y originales. Muy sabrosos, y teniendo en cuenta que todos son vegetarianos.

Atenci√≥n del personal muy buena y r√°pida.

Un punto en contra ser√≠a la abundancia de los platos.
Precio/calidad muy bueno.

Los platos de las fotos son para dos personas:
- gyozas
- curry amarillo
- tagliolini
- flan de dulce de leche con mascarpone
- lemon pie",Hace 2 a√±os,2022-12-12,4 estrellas
38,user_39,"Todo muy bueno, los camareros muy simp√°ticos y la terraza estupenda. El √∫nico pero que podr√≠a sacarle es que hay pocas opciones veganas.",Hace 2 a√±os,2022-12-12,5 estrellas
39,user_40,"He ido 2 d√≠as a este sitio;

El primer d√≠a pedimos unas tostadas de pan brioche con queso y huevo. Tardaron media hora en sac√°rnoslas (no hab√≠a casi gente porque era entre semana y por la ma√±ana), con la excusa de que no hab√≠a pan brioche.
En vez de salir a preguntarnos a ver si quer√≠amos pedir otra cosa, nos la sacaron con pan r√∫stico, con rucula y algo verde l√≠quido por encima (que no pon√≠a en la carta que llevaba). A mi acompa√±ante no le gustaba el pan r√∫stico y yo soy al√©rgica a la rucula. No dijimos nada porque no quer√≠amos esperar otra media hora por una simple tostada.

3 d√≠as despu√©s fuimos para darle otra oportunidad, pedimos lo mismo. Tardaron en atendernos 20 minutos, pero lo entendimos porque ese d√≠a hab√≠a gente. Lo mismo en servirnos.
Esta vez si hab√≠a pan brioche, pero la tostada no era con los quesos que pon√≠a en la carta; mozzarella, havarti y provolone creo recordar. Llevaba queso de cabra, que a mi no me gusta.
Tampoco avisaron.

No volver√© a ir, deber√≠an avisar de esas cosas, por si hay alguien a quien no le gusta/es al√©rgico a lo que van a poner como reemplazo.

Por lo menos el huevo estaba bien",Hace 4 meses,2024-08-12,2 estrellas
40,user_41,"Vegetariano recomendable para los que les gusta comer saludable y de cocina elaborada. Se echa de menos un men√∫ diario, por lo de m√°s la carta ofrece muchas posibilidades de elecci√≥n. Trato muy agradable, facilidad para aparcar y con terraza perfecta para el buen tiempo. Las cantidades un poco justas por poner un pero. De 15 a 20‚Ç¨ persona",Hace 7 a√±os,2017-12-12,4 estrellas
41,user_42,"La simpat√≠a del personal no es el punto fuerte del curry verde desde luego, si te preguntan por donde quieres el caf√© si en taza o en vaso, es una trampa, en taza son 2‚Ç¨ y en vaso 2,80‚Ç¨, la comida est√° bien pero nada del otro mundo, con lo que te cobran m√≠nimo te tienen que servir con cubiertos de oro, por no decir que encima nos han echado porque quer√≠an servir en esa mesa pr√≥ximas comidas, incre√≠ble, ah y el caf√© doble son 36g, un chupito vaya, una y no m√°s",Hace un mes,2024-11-12,1 estrella
42,user_43,"Tienen una amplia variedad de opciones veganas (tambi√©n aptas a vegetarianos, adem√°s de tener tambi√©n opciones √∫nicamente vegetarianas) y la verdad que ""los tacos"" me sorprendieron de manera inesperada con la pi√±a.

A diferencia de la croqueta de broccoli, la Samosa no me sorprendi√≥ tanto.

El sitio es enorme y con amplia terraza, pero al ser tan grande, el servicio me pareci√≥ un poco lento, pero recalc√≥ que es un sitio de 10 para cenar, ojal√° saquen m√°s opciones para ir probando. Los precios son bastante asequibles.",Hace 5 a√±os,2019-12-12,5 estrellas
43,user_44,Restaurante vegetariano con vistas al puerto deportivo de Hondarribia. Antes estaba en el barrio de la Marina. Buena comida y buen trato. Totalmente recomendable. Tambien dan desayunos con tostas y yogures de caser√≠o. Espacio amplio para ir con coches de ni√±os. Amplia terraza cubierta.,Hace 6 a√±os,2018-12-12,5 estrellas
44,user_45,"Muy buen sitio para comer. Suele estar lleno as√≠ que te recomiendo que pidas mesa por tel√©fono y la reserves. Deja hueco para sus postres porque merecen mucho la pena. Las servilletas son de tela y el agua en jarra, no en pl√°stico (punto extra).",Hace 4 a√±os,2020-12-12,5 estrellas
45,user_46,"He ido muchas veces a este restaurante y siempre salgo con una sonrisa.
Todos los platos que he probado me han gustado. De la carta actual destacar√≠a la hamburguesa de remolacha, el curry verde. La lemon pie est√° INCRE√çBLE!!
La atenci√≥n como siempre super amable.
Espero volver muchas veces m√°s.",Hace un a√±o,2023-12-12,5 estrellas
46,user_47,Todo muy rico  ha sido un acierto el comer en este sitio la buger de setas increible jugosa tierna en pan era de mollete la combinacion un 10 y el bizcocho de zanahoria espectacular aademas un punto a su favor es que el agua es gratis,Hace 3 a√±os,2021-12-12,5 estrellas
47,user_48,"Excelente atenci√≥n.
Vistas muy agradables al puerto deportivo.
Muy bien para ir con ni√±os.
Se puede ir en coche y aparcar f√°cilmente.
Tienen acceso para minusv√°lidos.
La carta tiene m√∫ltiples posibilidades para veganos y vegetarianos. Todo delicioso.",Hace 5 a√±os,2019-12-12,5 estrellas
48,user_49,Estupendos desayunos y riqu√≠simas comidas en un entorno maravilloso. Adem√°s van cambiando la elaboraci√≥n de platos regularmente y ahora con men√∫ del d√≠a,Hace 11 meses,2024-01-12,5 estrellas
49,user_50,"La primera y no ser√° la √∫ltima vez que venga. Todo muy bueno y bien presentado. Las croquetas super ricas de puerros y emmental y otra de queso azul, una ensalada de temperatura con muchos sabores( granada, naranja, manzana nueces, patatas, lechuga, aguacate...), Un plato de puchero marroqu√≠, harira, muy rico.y los platos principales son una buena raci√≥n, curry de verduras con arroz y ya os de heura. El curry espectacular y es taco muy jugoso con el tomate. Para acabar un petit Suis que hacen ellos sin harina, ni l√°cteos ni azucar y tiramis√∫ que estaba fuera de carta, los dos muy ricos.",Hace 6 a√±os,2018-12-12,4 estrellas
50,user_51,"La tostada de mozzarela, aguacate y huevos revueltos riqu√≠sima y el caf√© tambi√©n! De precio no es demasiado caro. Localizaci√≥n genial, junto al puerto de Hondarribia y cerca de la playa. El servicio un poco lento y una de las camareras poco agradable.",Hace un a√±o,2023-12-12,4 estrellas
51,user_52,"Es uno de nuestros restaurantes favoritos, en el hemos vivido momentos inolvidables. Es un lugar con un encanto especial d√≥nde te puedes tomar algo, picotear o comer en un ambiente tranquilo. Siempre que podemos, llevamos a nuestros amigos y familiares a que prueben esos platos tan ricos que elaboran. Adem√°s, Enara y Xabi siempre han llevado el restaurante con mucho mimo y cari√±o. Eso se nota! Os deseamos mucha suerte y que el Curry Verde siga estando en nuestras vidas por mucho tiempo!",Hace 5 a√±os,2019-12-12,5 estrellas
52,user_53,"Sitio bastante tranquilo y bueno para comer. Si est√°s por Hondarribi no puedes perderte este sitio.
Con unas croquetas de entrante, una hamburguesa de remolacha y un brownie de postre, 10/10.

Como opini√≥n personal, que no deje salirte del men√∫ del d√≠a me parece un fallo. Si me apetecen dos entrantes o si vamos dos personas y queremos solo un entrante y dos hamburguesas, no veo el problema que puede suponer realizar dicho pedido. Creo que ser√≠a una buena opci√≥n mantener el men√∫ del d√≠a pero dar un poco de flexibilidad dependiendo del n√∫mero de comensales o tipo de cliente.",Hace 5 meses,2024-07-12,4 estrellas
53,user_54,"Llevo yendo muchos a√±os y siempre ha sido incre√≠ble, de 5 estrellas , pero este a√±o han sustitu√≠do la carta por un men√∫ ins√≠pido y caro de dos estrellas :(

Las albondigas sab√≠an solo a sal, las croquetas han perdido gracia, el burrito muy sin m√°s. Lo √∫nico medio decente fue el arroz con curry.",Hace 3 meses,2024-09-12,3 estrellas
54,user_55,"Un bonito local al lado del puerto donde te atienden camareros eficaces y muy majos.
Muy ricas las patatas y las gildas. S√≥lo picamos algo.",Hace un a√±o,2023-12-12,5 estrellas
55,user_56,Todo muy bien hasta que ped√≠ un cortado con leche de avena y se cobro 10 c√©ntimos de suplemento por la leche. No creo que sea muy l√≥gico cobrar suplementos por ese tipo de cosas.,Hace 3 meses,2024-09-12,3 estrellas
56,user_57,"He ido un par de veces a comer y a desayunar y muy bueno, todo lo que he probado me ha gustado. Se nota que son productos de buena calidad y el trato ni se diga, todos muy majos. Encima puedes entrar con perros ü•∞",Hace 2 a√±os,2022-12-12,5 estrellas
57,user_58,Es el √∫nico restaurante vegetariano de la zona de gran calidad y mucha variedad con comidas comidas muy diferentes a lo acostumbrado. Se paga pero se come bien.,Hace 3 a√±os,2021-12-12,5 estrellas
58,user_59,"Solo tomamos caf√©. Estaba muy bueno, adem√°s ten√≠an un par de bizcochos veganos. El camarero simp√°tico. Sitio amplio en pleno puerto. Precio normal.",Hace 2 a√±os,2022-12-12,5 estrellas
59,user_60,"Lamentable experiencia.  Mucho cuidado con este lugar. Recien fui a desayunar y me acerque a la barra y nadie ni me saludo, decidi sentarme fuera para tomar el sol y la chica que me atendio super borde, me dejo la experiencia m√°s amarga de mi mas de 1 a√±o viviendo en Onyarbi. Suelo pedir cafe solo largo y en vaso y me trajo un cafe americano, cuando le pido de favor q me diga q trajo me afirma q es un americano por ""aqu√≠"" palabra que repitio muchas veces para hacerme sentir que no soy de ""aqui"". Me ofrecio una explicacion muy absurda porque ""aqui"" el cafe solo largo es un expreso porque dice que la cafetera profesional que tiene no trae una manga para un solo cafe sino q nada mas tienen la doble. En fin entre su forma chula de tratar y sus mentirosos argumentos decidi irme. Que verg√ºenza de experiencia por un trato indiferente y un cafe mal servido. Cuidado tambien con la carta que es por QR que no esta en las mesas y la internet es fatal y no te brinda el wifi de forma espontanea para que puedas elegir.",Hace un a√±o,2023-12-12,1 estrella
60,user_61,"Los trabajadores no pueden ser m√°s amables, atentos y buena gente. La comida est√° incre√≠ble, una buena opci√≥n para comer aunque no seas vegetariano.",Hace 3 meses,2024-09-12,5 estrellas
61,user_62,Todo genial. La comida buen√≠sima y el trato de los camareros inmejorable. Sin duda para repetir!!!,Hace 2 a√±os,2022-12-12,5 estrellas
62,user_63,"Buenisimo! 100% recomendable
La ubicaci√≥n en la zona del puerto y la comida insuperable, servicio y rapidez üëåüèº Nos pedimos el arroz chaufa, la burguer de remolacha y los rollitos thai. Exquisito y la raci√≥n muy bien de tama√±o. Los postres (tarta de queso y tarta vegana de chocolate y aguacate) ha sido lo unico a lo que nos ha dado tiempo a hacer foto, tambien de 10",Hace 2 a√±os,2022-12-12,5 estrellas
63,user_64,"Hemos quedado mi familia y yo encantados. Calidad, cantidad y precio muy bien. Muy contentos. Muy recomendable.",Hace 3 a√±os,2021-12-12,5 estrellas
64,user_65,"La comida sera una maravilla, pero el servicio deja mucho que desear. Pregunto para comer algo? y que me siente. Espero desde las 14.30 hasta las 15.15. Igual al ser solo una persona soy invisible ?
Me he tenido que ir sin comer.",Hace 6 meses,2024-06-12,1 estrella
65,user_66,"Un restaurante muy informal i muy bonito,ademas se come muy muy bien si eres vegetariano lo tecomiendo y si no tambien",Hace un a√±o,2023-12-12,4 estrellas
66,user_67,"Todo lo que probamos estaba rico, en un buen sitio y con mucha atenci√≥n por parte de los empleados. Comida original y buen sitio para salir de la rutina de la carne.",Hace 5 a√±os,2019-12-12,4 estrellas
67,user_68,"Lugar acogedor y comida exquisita, adem√°s del trato super agradable de los propietarios y servicio de mesas.",Hace un a√±o,2023-12-12,5 estrellas
68,user_69,"Que maravilla de sitio!!! Nunca lo olvidaremos ,est√°bamos de paso y VAYA HALLAZGO!!!!que pastas,qu√© caf√©s m√°s ricos y las vistas del puerto ,el solüíïü•∞‚ô•Ô∏è‚ô•Ô∏è",Hace una semana,2024-12-05,5 estrellas
69,user_70,Fant√°stico! ‚ô• Gran variedad de platos con diferentes elaboraciones y deliciosos.,Hace 4 a√±os,2020-12-12,5 estrellas
70,user_71,Camareros muy atentos y simp√°ticos. Comida escasa para el precio que cobran. Lugar tranquilo y agradable.,Hace 3 meses,2024-09-12,4 estrellas
71,user_72,"Mi vegetariano favorito, no voy tanto como me gustar√≠a, buena atenci√≥n, buena comida y cada temporada variaciones en el men√∫",Hace 3 a√±os,2021-12-12,5 estrellas
72,user_73,"Un lujo, buena atenci√≥n y lugar inigualable. Siempre aciertas en el Curry.",Hace 2 a√±os,2022-12-12,5 estrellas
73,user_74,"Espectacular! Todo muy sabroso, porciones grandes y el personal s√∫per amable.",Hace 4 meses,2024-08-12,5 estrellas
74,user_75,Estaba todo muy bueno aunque la ensalada de arroz nos sali√≥ bastante salada por lo dem√°s bastante bien,Hace 2 a√±os,2022-12-12,4 estrellas
75,user_76,"Comida muy rica variada y vegetariana.
Eso s√≠, procurad reservar",Hace 3 a√±os,2021-12-12,5 estrellas
76,user_77,"Bien, buena ubicaci√≥n.
Croquetas buenas , y las patatas fant√°sticas.
Los totopos y las hamburguesas no me convencen.
Suele estar completamente lleno.",Hace 3 a√±os,2021-12-12,4 estrellas
77,user_78,"Pedimos unas tostadas con aceite y unos caf√©s con leche y las tostadas estaban duras...adem√°s, del precio. Que rond√≥ los 20 euros!",Hace 3 meses,2024-09-12,2 estrellas
78,user_79,"‚≠êÔ∏è‚≠êÔ∏è‚≠êÔ∏è‚≠êÔ∏è‚≠êÔ∏è
El mejor desayuno que he tenido en mucho tiempo, riqu√≠simo üòã

Zumo de naranja
T√© de ortiga
Tostada de aguacate con huevo y mozzarella

Sin duda volver√© a repetir este men√∫ de desayuno la pr√≥xima vez",Hace 3 a√±os,2021-12-12,5 estrellas
79,user_80,"La comida puede estar buena, el local esta muy bien situado y es acogedor pero preparate para el servicio, un chico majisimo detras de la barra üòä notese la ironia.",Hace 5 meses,2024-07-12,3 estrellas
80,user_81,"El sitio es estupendo aunque son pocas mesas,lo que comimos estaba muy bueno,el brownie con nueces y helado de avellanas impresionante!!!",Hace 3 a√±os,2021-12-12,5 estrellas
81,user_82,"Muy buena opci√≥n para comida vegetariana.
Muy buen servicio. Los camareros muy amables.
Muy buena ubicaci√≥n.
Recomendable 100%. üëå‚Ä¶",Hace 3 a√±os,2021-12-12,5 estrellas
82,user_83,"Fuimos a desayunar, y siendo vegetariano me extra√±o que no hubiese leche sin lactosa! Por todo los dem√°s el desayuno estaba buen√≠simo!!",Hace un a√±o,2023-12-12,4 estrellas
83,user_84,"Me ha encantado la comida, el servicio y el lugar y buen precio ya q",Hace 3 meses,2024-09-12,5 estrellas
84,user_85,"Buena atenci√≥n, todo muy rico y muy buen ambiente.",Hace un a√±o,2023-12-12,5 estrellas
85,user_86,"Good vegan options, nice place and terrace, good attention. Opciones veganas, el local y el personal son muy agradables. La comida est√° bien.",Hace 6 a√±os,2018-12-12,4 estrellas
86,user_87,Comida vegetariana fresca y diferente. Buenos precios.  Muy recomendable!,Hace 6 a√±os,2018-12-12,5 estrellas
87,user_88,"Fuimos a comer, quiz√°s con demasiadas expectativas, buscando sabores diferentes, pero la comida no nos emocion√≥ demasiado.
El restaurante est√° situado junto al puerto de Fuenterrab√≠a, en un entorno tranquilo, sin tr√°fico, con un parque para ni√±os a escasos metros. Lo que lo hace un buen sitio para ir con ni√±os.
De hecho ofrecen pasta con tomate para los m√°s peques.
El servicio fue algo lento ya que hab√≠a mucha gente comiendo y quiz√°s escaso personal atendiendo las mesas.",Hace un a√±o,2023-12-12,3 estrellas
88,user_89,Riqu√≠sima comida vegana y vegetariana. Excelente trato y muy buen servicio.,Hace 5 a√±os,2019-12-12,4 estrellas
89,user_90,"Restaurante minimalista.
Bonita decoraci√≥n del espacio interior, sensaci√≥n de ser grande el local.
Muy limpio todo.
Men√∫ precio-calidad bien.
Servicio muy bien.
Tiene terraza con vistas al puerto deportivo.
Se llega a Fuenterrabia direcci√≥n al puerto. Dejamos el coche en un parking grande qu√© solo se paga en verano. Fuera de esas fechas es gratuito. Andando del parking al Curry Verde son 10 minutos.",Hace 3 a√±os,2021-12-12,5 estrellas
90,user_91,"Me fui sin tomar nada no quisieron atenderme,mi primera y √∫nica rese√±a negativa pero me sent√≠ despreciada ,
si sois visitantes de fuera no sois muy bienvenidos",Hace 3 meses,2024-09-12,1 estrella
91,user_92,"Restaurante junto al puerto deportivo de Fuenterrabia, he ido unas cuantas veces, y de todo lo que he probado recomiendo la hamburguesa de remolacha. Tambi√©n tiene unas croquetas s√∫per ricas de hongos. El local est√° muy chulo, rollo minimalista. Y posee una terraza exterior que para el verano va genial. Buen trato y personal amable.",Hace 5 a√±os,2019-12-12,5 estrellas
92,user_93,Desayunamos unas tostadas con mantequilla y mermelada. Muy bueno. Bien presentado. Camarero muy amable,Hace 3 a√±os,2021-12-12,5 estrellas
93,user_94,"Muy agradables l@s camarer@s,la √∫nica pega que pongo es que no te pongan el caf√© al mismo tiempo que las tostadas el resto perfecto...",Hace 2 a√±os,2022-12-12,5 estrellas
94,user_95,"Una comida deliciosa y muy cuidada.
Nos han atendido genial y el precio es muy razonable.
Comimos patatas con salsa picante, canelones y verduras al curry.
La tarta de queso, maravillosa.",Hace 8 meses,2024-04-12,5 estrellas
95,user_96,"Siempre exquisito.
Comida muy cuidada y deliciosa.
Estar en la terraza un d√≠a de sol es un aut√©ntico lujo.",Hace 2 a√±os,2022-12-12,5 estrellas
96,user_97,"Una grandisima opci√≥n para vegetarianos y vegano, pero tambi√©n para cualquier otro tipo de persona para que puedan darse cuenta de la variedad de platos, con diferentes texturas y sabores sin que tengan que llevar animal. 100% recomendable. Y despu√©s de comer paseito por la playa.",Hace un a√±o,2023-12-12,5 estrellas
97,user_98,"Vinimos a tomar un caf√©, s√°bado a primera hora y para tomar algo tardaron una hora en atendernos. Nos dec√≠an que nos ve√≠an pero que ya nos atender√≠an. Fui a la barra para preguntar a qu√© pasaba, y al decir buenos d√≠as, simplemente me se√±alaron el letrero de ‚Äúno atendemos en barra‚Äù. No devolvieron ni el saludo. Sobreviven, entiendo, porque no hab√≠a otra opci√≥n abierta. El peor servicio que he recibido.",Hace un a√±o,2023-12-12,1 estrella
98,user_99,"Restaurante en el puerto deportivo de Hondarribia,
Com√≠ el men√∫ del d√≠a. La comida estaba sabrosa y bien elaborada.
El servicio correcto, son agradables.
Men√∫ del d√≠a 20 euros.",Hace 7 meses,2024-05-12,4 estrellas
99,user_100,"Vaya, otro lugar donde no aconsejo a nadie!!!! Pero para nada. Hoy s√°bado a las 16:12 despu√©s de esperar con mi hijo de 4 a√±os 4 o 5 minutos en la barra para ser atendido. Y solamente quer√≠a pedir dos mostos, viendo que estaba lleno de gente comiendo. Me dicen que est√°n cerrados y que no me los sirven, y lo curioso es que en Google pone que est√°n abiertos de 9 a 17h.",Hace 7 meses,2024-05-12,1 estrella
100,user_101,"P√©simo servicio de desayuno. Camarero antip√°tico, servicio lent√≠simo y tostadas de pan duro.",Hace 4 meses,2024-08-12,2 estrellas
101,user_102,"He tenido la oportunidad de ir dos veces a este lugar, unos para desayunar tostadas y caf√©, y otro d√≠a para cenar‚Ä¶. Debo decir que la comida es muy rica, producto de calidad y fresco, no tuvimos ning√∫n problema‚Ä¶. Buen ambiente y vistas que vale la pena apreciar",Hace un a√±o,2023-12-12,4 estrellas
102,user_103,"No hay m√°s estrellas para darle a este sitio, donde se come de lujo, se desayuna impresionante y la amabilidad del personal es s√∫per.",Hace un a√±o,2023-12-12,5 estrellas
103,user_104,Todo muy rico. Lugar muy agradable con terraza. Muy bien de precio.,Hace 5 meses,2024-07-12,5 estrellas
104,user_105,"La comida est√° muy buena pero las raciones me parecieron muy peque√±as. Las ensaladas eran 4 hojas con pocos ingredientes y los platos de arroz eran muy peque√±os tambi√©n. Fuimos 3 amigas, cogimos platos para compartir y por el precio yo me qued√© con hambre.
Los postres si son de buen tama√±o.
Comida buen√≠sima pero poca cantidad.
Servicio muy bueno",Hace un a√±o,2023-12-12,4 estrellas
105,user_106,"Riqu√≠simo, buen ambiente, trabajadores amables...",Hace 3 meses,2024-09-12,5 estrellas
106,user_107,Comida rica. Servicio bien salvo una camarera de pelo blanco que nos insinu√≥ que eramos unos impacientes tras preguntarle por nuestros postres despu√©s de llevar esperando 40 minutos. Mil gracias al camarero compa√±ero de esta se√±ora que se disculp√≥ por la soberbia de su compa√±era.,Hace un a√±o,2023-12-12,1 estrella
107,user_108,"Hemos ido en el puente de Mayo
Es la segunda vez que vamos.
La primera vez,fue genial la comida rica y el servicio bien.
Esta segunda vez,ha sido todo muy lento, entre plato y plato m√°s de media hora de espera, la comida tambi√©n rica
Aunque las patatas bravas estaban un poco pasadas
Se nos ha hecho eterna la comida hoy.
Venimos de puente y vacaciones siempre por esta zona.
La pr√≥xima comida buscar√© m√°s opciones",Hace un a√±o,2023-12-12,3 estrellas
108,user_109,"Muy buena pasta tagliolini, asi como la tarta de queso,  el Brownie de 10! sitio privilegiado y atencion estupenda!",Hace 5 a√±os,2019-12-12,5 estrellas
109,user_110,Excelente fuimos de pinchos e impresionantes tengo pendiente cenar o comer porque si los pinchos estaban as√≠ de buenos no me quiero imaginar un comida,Hace 6 a√±os,2018-12-12,5 estrellas
110,user_111,Camarera muy simp√°tica y profesional. Comida muy rica.,Hace 4 meses,2024-08-12,4 estrellas
111,user_112,"Comida riqu√≠sima, lo que m√°s nos gust√≥ fueron las alb√≥ndigas y el curry verde pero todos los platos estaban buenos. La terraza es bastante tranquila y hay espacio entre mesas, se nota que le prestan atenci√≥n a eso. El √∫nico punto en contra fue la espera para la cuenta pero el resto lo compensa de sobra.",Hace un a√±o,2023-12-12,4 estrellas
112,user_113,"La comida est√° muy buena.
El problema es que iba sin m√≥vil, pues los tres d√≠as que tengo de vacaciones me gusta no estar con el m√≥vil tambi√©n.
Y ped√≠ una carta en papel y me dijeron que ten√≠a que mirar el c√≥digo QR en el m√≥vil, entonces le ped√≠ al camarero que me recomendara o contara alg√∫n plato y me dijo que hay muchos, y que solo tienen para mirar en el m√≥vil y no me dijo ni un plato, ni puso ning√∫n inter√©s en facilitar para que me quedara a comer. A√∫n as√≠ ten√≠amos hambre as√≠ que optamos por comer.
Pero esto de que no haya carta en papel me parece algo inc√≥modo e impositivo, para quienes podemos querer elegir por desconectar de estar con el m√≥vil, cuando podemos, que son los d√≠as de vacaciones.
Y la respuesta del camarero y su falta de comprensi√≥n fue muy curiosa e innecesaria al tratarse del trato a los clientes.
Pero nuestra actitud y deseos de comer bien y disfrutar estaban por encima de estas sandeces.

*Ojal√° esta rese√±a sirva para contemplar que hay personas que no tienen por que tener m√≥vil, o no tienen porque quererlo llevar hasta a comer en la playa, o les hace mal por salud, o sencillamente no tienen ni idea de usar el m√≥vil para elegir un plato para comer.
Me viene la imagen de la mesa de al lado, donde estaban sentada una mujer en silla de ruedas y dificultad de movilidad con las manos e invalidez en las piernas, gracias a que iba con un compa√±ero que mir√≥ el famoso c√≥digo en el m√≥vil pata elegir la comida, pues ella NO POD√çA, ¬øqu√© hace esa persona si va a comer sola? ¬øy qu√© hace mi abuela por ejemplo sin ir m√°s lejos? ¬øse queda sin comer?, esto se lo plante√© al camarero y me dijo que yo no ten√≠a 80 a√±os y que √©l pod√≠a dejarme un m√≥vil... sin comentarios.
Ojal√° consideren tener cartas de papel para situaciones en las que se precisan, para que nadie se quede sin poder ir a su restaurante y que se vaya con tan buen sabor de boca por la situaci√≥n como por la rica comida que preparan.
GRACIAS POR LA ATENCI√ìN Y LA COMIDA",Hace un a√±o,2023-12-12,3 estrellas
113,user_114,"Se han negado a servirme un bocadillo para llevar alegando q debo estar sentado. Mision imposible porque  todas las mesas estaban ocupadas. Tambien en barra se negaban a atender. Vergonzoso. La dictadura de algunos hosteleros.
No volvere.",Hace un a√±o,2023-12-12,1 estrella
114,user_115,"Excelente calidad precio, platos muy buenos y elaborados, el trato muy bueno y acogedor",Hace 7 a√±os,2017-12-12,5 estrellas
115,user_116,"Me encanto descubrir un restaurante vegetariano a la orilla del mar.
La comida estaba deliciosa, platos muy originales. Sobretodo el gazpacho con cacahuetes y m√°s cosas muy sabroso.
El personal amables, atentos, r√°pidos y con una hermosa sonrisa.
La terraza mirando el mar no tiene precio.
Volver√≠a cada d√≠a, de los mejores sitios en los que he hecho estado.",Hace 2 a√±os,2022-12-12,5 estrellas
116,user_117,"La comida bastante bien. Los platos no son nada elaborados, ensaladas, guacamole, curry (vegetales con salsa curry), el sabor bueno pero algo pasado de precios para lo que realmente es. El servicio es bastante lento, y nos ha tocado una camarera con poco empat√≠a, y nada de buen trato.",Hace un a√±o,2023-12-12,2 estrellas
117,user_118,Inmejorable relaci√≥n calidad precio. Si no est√°s seguro de si te gusta el curry o la comida vegetariana p√°sate por aqu√≠ y descubrir√°s que s√≠.,Hace 5 a√±os,2019-12-12,5 estrellas
118,user_119,"He pedido un poke para llevar por 10.20. Me han cobrado el cubierto y la servilleta 0.50, no me parece correcto, deber√≠a ser un servicio. Al abrir la bolsa me he encontrado con un poke que parece un pintxo, muy muy poca cantidad, bueno pero muy escaso.El servicio muy bien y la comida muy buena.",Hace 11 meses,2024-01-12,3 estrellas
119,user_120,Presentaci√≥n buen√≠sima y de sabor a√∫n mejor. A√±adirle miel (opcionalmente) lo borda. Encantado!!ü•∞,Hace un a√±o,2023-12-12,5 estrellas
120,user_121,"Llegamos a 3 minutos de cerrar la cocina y el chico que nos atendi√≥ fue encantador y muy diligente. Nos recomend√≥ 3 platos, los march√≥ y nos encantaron. Un profesional, es dif√≠cil encontrar camareros as√≠.",Hace un a√±o,2023-12-12,5 estrellas
121,user_122,"Es de mis sitios veggies favoritos para comer, comida deliciosa, variada y gente muy amable siempre. Ademas en un lugar super ideal para pasar el dia, vuelvo muchas veces!!ü•∞
Las mejores croquetas!!!",Hace 10 meses,2024-02-12,5 estrellas
122,user_123,"No merece la pena. Lasa√±a tibia y salada, curry ardiendo y soso. Camarera con pelo largo algo seca. Dentro del local muy ruidoso con muchos ni√±os dando guerra.",Hace 10 meses,2024-02-12,1 estrella
123,user_124,"Comida vegetariana/vegana rica, quiz√° algo caro para lo que es.

Una pena que no podamos acudir en oto√±o/invierno por el fr√≠o ya que NO ACEPTAN MASCOTAS en el interior. Creo que este ser√≠a un punto de mejora ya que somos muchos los que acudimos frecuentemente con mascota a la terraza.",Hace un a√±o,2023-12-12,4 estrellas
124,user_125,Buena calidad precio. El personal es muy amable y te recomienda platos. Admiten perros y les ponen su cuenco para beber. Muy recomendable.,Hace un a√±o,2023-12-12,5 estrellas
125,user_126,"Mi familia y yo os visitamos desde que estabais en el centro. Cuando podemos, nos escapamos. Siempre bien, siempre genial. Muy buen trato,  producto de primera calidad y de km 0 siempre que se puede, presentaciones cuidadas y siempre renov√°ndoos. Habremos estado m√°s de 15 veces y volveremos. Un verdadero placer!",Hace 5 a√±os,2019-12-12,5 estrellas
126,user_127,"Seas o no vegetariano esta es una buena opci√≥n! Camareros amables y eficaces. Restaurante donde se respira buen rollo. La comida est√° muy buena, arroz chaufa esquisto y la tarta de queso de 10 üòç. A quien no le gusta llegar y aparcar, pues este restaurante lo tiene! Para m√≠ un 10",Hace un a√±o,2023-12-12,5 estrellas
127,user_128,Restaurante vegetariano con opciones para veganos. Terraza amplia en el puerto y local con mesas. Se recomienda reservar o acudir antes de que se abarrote (7:30 agosto).,Hace 6 a√±os,2018-12-12,4 estrellas
128,user_129,"Nos han dicho que no nos podiamos sentar si no habiamos pedido antes que limpiaran la mesa, cosa que nos ha parecido una leccion gratuita. El sitio es bonito y la comida buena, pero el trato nos ha parecido antip√°tico.",Hace un a√±o,2023-12-12,2 estrellas
129,user_130,"Desayuno car√≠simo!
Tres caf√©s taza peque√±a‚Ä¶
Cuando ves en otras mesas vasos grandes de caf√©
Al rato‚Ä¶ como unos 15 minutos
Te traen dos tostadas enanas y dur√≠simas que apenas puedes morder con un bloque de mantequilla dura que no puedes ni echar en el pan‚Ä¶",Hace un a√±o,2023-12-12,1 estrella
130,user_131,"√çbamos de paso y decidimos parar a probar las opciones de merienda y repetimos al d√≠a siguiente para comer. Fue todo un acierto.
Buen trato, rapidez, un sitio tranquilo y comida incre√≠ble. Leyendo las rese√±as malas creo que para nada coincide. Animaros a probarlo que seguro os encantar√°.",Hace 4 a√±os,2020-12-12,5 estrellas
131,user_132,"Muy buena comida y servicio, un gran restaurante vegetariano ‚ò∫Ô∏è‚ò∫Ô∏è",Hace 3 a√±os,2021-12-12,5 estrellas
132,user_133,Excelente tomamos unas tostadas con guacamole y jam√≥n esquisitas y la tortilla de patata √∫nica,Hace 7 meses,2024-05-12,5 estrellas
133,user_134,"Fuimos a desayunar. Las tostadas estaban dur√≠simas, el aguacate y dem√°s muy bueno, pero si que nos llam√≥ la atenci√≥n que el pan estaba muy duro. Me llama la atenci√≥n que no tengan bebida de soja en un lugar como el Curry.",Hace un a√±o,2023-12-12,3 estrellas
134,user_135,Le doy una estrella por la comida que no est√° mal. Pero hemos esperado 50 minutos a los platos. He pedido que le quitasen los jalape√±os a un plato para q no pique y lo pueda comer la ni√±a... y no me aclaran que todo el plato pica... poco inter√©s por el cliente... No volveremos tras darle tres oportunidades. Una pena,Hace 2 a√±os,2022-12-12,1 estrella
135,user_136,"S√© que la comida est√° bien pero hay que ir connn muuuucho tiempo tanto para que te den mesa como para que sirvan (son varios ls que me lo han dicho .hace poco fui mi experiencia es que he ido muchassss veces pero ya no insisto  ,nunca me han atendido una de tantas  a las 14:30 y otra que llegue Justo a la hora de comer a hondarribia pedimos mesa 15:00 y cocinas cerradas y vimos alguna mesa vac√≠a no me hab√≠a pasado nunca que no me atendiesen aunque sea de algo m√≠nimo un pintxo o algo as√≠ que tengo que decir que mal una va all√≠ a pasar buen d√≠a y comer algo a la playa en fin",Hace un a√±o,2023-12-12,1 estrella
136,user_137,"El pueblo estaba a tope y decidimos ir a probar suerte al puerto deportivo, conseguimos una mesa sin reserva previa y comimos muy a gusto. Buen servicio y buena comida. Alguna racion un poco escasa. Lo mejor los postres y precio acorde con lo que comimos y donde estabamos.",Hace 3 a√±os,2021-12-12,4 estrellas
137,user_138,"Comimos ayer s√°bado, fuimos sin reserva y aunque tuvimos que esperar un poco, todo estaba muy rico. A destacar la hamburguesa de setas que me sorprendi√≥ el sabor que ten√≠a. Gran terraza con vistas al puerto. La atenci√≥n del personal muy positiva. Recomendar√≠a el lugar.",Hace 4 a√±os,2020-12-12,5 estrellas
138,user_139,Muy buen servicio. Comida 10/10 y atenci√≥n impecable. Pedimos para llevar a casa. Un sitio para repetir 100%,Hace un a√±o,2023-12-12,5 estrellas
139,user_140,"Excelente comida y trato, pero la bebida tiene un pero siempre nos ponen templado el caf√© con leche, eso s√≠ la explicaci√≥n de porque lo ponen as√≠ entendible, pero a m√≠ me gusta caliente y m√°s ahora en invierno.",Hace un a√±o,2023-12-12,4 estrellas
140,user_141,"Excelente servicio y calidad, con una relaci√≥n de precios adecuada. Tanto para los que conocen este tipo de comida como para probar nuevos platos.
La tarta de queso al horno est√° incre√≠ble, me la recomend√≥ uno de los camareros y acert√≥.",Hace 4 a√±os,2020-12-12,5 estrellas
141,user_142,"Tiene una carta no muy extensa pero s√≠ original y riqu√≠sima, y la van cambiando cada cierto tiempo. La presentaci√≥n de los platos es excelente. El trato es inmejorable. Tiene mesas en el interior y en la terraza. No hace falta que seas vegetariano o vegano para disfrutar de sus platos, te sorprender√°n. Si buscas comer rico, distinto y en un ambiente relajado, este es tu sitio.
La relaci√≥n calidad precio, excelente.",Hace 5 a√±os,2019-12-12,5 estrellas
142,user_143,"üòç incre√≠bles todos sus platos !
Muy buena atenci√≥n.
Los platos salen s√∫per r√°pido !
Infaltable probar sus croquetas de puerro ü§©
Volveremos muchas veces m√°s üëèüèª",Hace un a√±o,2023-12-12,5 estrellas
143,user_144,"Un  ambiente acogedor, camareros muy majos, un trato cercano, comida riqu√≠sima y gran variedad de buenos vinos y cervezas artesanas para acompa√±ar.  El mejor vegetariano que conocemos y en un lugar id√≠lico. Qu√© m√°s se puede pedir... como cada  poco tiempo, volveremos...",Hace 2 a√±os,2022-12-12,5 estrellas
144,user_145,Un excelente lugar adecuado tanto para veganos como vegetarianos.Hay q elegir men√∫ entre diferentes platos pero la comida es de muy buena calidad.Buen servicio y trato agradable.,Hace un a√±o,2023-12-12,4 estrellas
145,user_146,"Muchos a√±os con ganas de ir, al final lleg√≥.
La comida en general dir√≠a que es buena y variada. Bien emplatada.
El servicio, descoordinado (en general en todas las mesas de alrededor), para cuando unos terminaban el plato, otros todav√≠a sin servir. Una pena.",Hace 2 a√±os,2022-12-12,2 estrellas
146,user_147,Restaurante vegano justo al lado del puerto y la playa de Hondarribia. Comida correcta. Ped√≠ Tagliolini y de postre Chocotoffee y ambos estaban un poco secos. Las vistas desde la terraza con los barcos del puerto bonitas.,Hace un a√±o,2023-12-12,3 estrellas
147,user_148,"Tiene una amplia carta de comida vegetariana de diferentes pa√≠ses, presentaci√≥n muy cuidada y un lugar acogedor. Trato amable y siempre dispuestos a recomendarte lo mejor, muy pacientes los camareros ya que yo soy celiaca y me ten√≠an que recomendar. Me ha gustado mucho!!!",Hace 6 a√±os,2018-12-12,5 estrellas
148,user_149,"Maravilloso restaurante vegano-vegetariano, con much√≠simas opciones, y de buena calidad/precio. Esta en el puerto, por lo que tiene unas vistas espectaculares. Adem√°s, es Petfriendly, algo que a nosotros nos vino de perlas (fuimos con una braca alemana de 25kg y no pusieron ning√∫n problema).",Hace 2 a√±os,2022-12-12,5 estrellas
149,user_150,Uno de los mejores sitios para comer en el puerto de Hondarribia. Platos vegetarianos muy variados. Gran carta de cervezas y amplia terraza. Hay que reservar con antelacion ya que suele estar lleno. Brownie espectacular para tomar de postre. La tarta de queso sabe a limon.,Hace 3 a√±os,2021-12-12,5 estrellas
150,user_151,"Malos profesionales! me acerque  a la barra para pedir un caf√© para llevar y pr√°cticamente me mandaron a la mi.......a. En lugar de decirme que no atend√≠an en barra, cuando llevaba 5 min. esperando me dijo uno de los camareros (dos en barra y una en sala) que la prioridad eran las mesas, cuando le dije que solo quer√≠a un caf√© para llevar me dijo que me sentara en una mesa y que esperara!! no volver√©.",Hace 2 a√±os,2022-12-12,1 estrella
151,user_152,"Un vegetariano en una ubicaci√≥n de lujo. Unos platos muy bien presentados y cocinados adem√°s de, por supuesto, muy sanos. Cantidades correctas
Servicio r√°pido y muy agradable
Nos gustaron especialmente los rollitos tailandeses de fideos de arroz y verduras",Hace 2 a√±os,2022-12-12,5 estrellas
152,user_153,Trato de 10 de parte de los camareros!! Adem√°s se le cay√≥ al traerme la comida y me trajo unas patatas!! Estuvo muy atento en todo momento. Lo recomiendo 200%!! Gracias!,Hace un a√±o,2023-12-12,5 estrellas
153,user_154,"La comida muy buena en cuanto a elaboraci√≥n y calidad de los platos. El servicio fue, al menos en mi caso, algo lento. Vimos que serv√≠an antes a otras mesas que eran del terreno antes que a nosotros...",Hace 2 a√±os,2022-12-12,4 estrellas
154,user_155,"La ubicaci√≥n es magn√≠fica, el entorno ideal para echar el d√≠a. En cuanto a la comida est√° muy bien para tratarse de comida vegetariana, pero lo que no se puede tolerar es que te saquen cazuelitas esmaltadas con picadas interiores y oxidadas, y no se trata de un despiste, a la mesa de al lado le sacaron una cazuelita picada tambi√©n.",Hace 5 a√±os,2019-12-12,2 estrellas
155,user_156,"la comida no la podemos valorar, pero el trato s√≠.. Da igual que llegues t√∫ antes que otras personas, que primero te dicen que no tienen sitio (aun habiendo m√°s de 3 mesas libres) y luego se retractan diciendo que s√≠ tienen sitios pero, mira, que se lo dan a gente que ha llegado despu√©s de ti mejor.. as√≠ que nada, que lo disfruten :)",Hace 3 a√±os,2021-12-12,1 estrella
156,user_157,"Comida espectacular, camareros fant√°sticos. El curry verde es de otra dimensi√≥n. Tendremos que volver a probar el postre o los zumos del desayuno, porque se merece un 10!",Hace 2 a√±os,2022-12-12,5 estrellas
157,user_158,"Siempre vamos, y nunca defrauda. Dif√≠cil encontrar mesa, es necesario reservar pero merece la pena. Aunque me gustaba m√°s el local y la ubicaci√≥n que ten√≠a antes, era m√°s peque√±ito, pero m√°s acogedor. El personal siempre atento y cuidando al m√°ximo al cliente.",Hace 6 a√±os,2018-12-12,5 estrellas
158,user_159,"Seas vegetariano o no... Cada plato riquisimo... Adem√°s dog friendly! Y los camareros majisimos.

Por otro lado... Fui ayer y me falta lo siguiente:

- Wok
- Alb√≥ndigas de sitake
- Tarta de queso fr√≠a
- Tarta de queso de horno (no la que hay ahora que est√° mucho peor)

Por favor que vuelvan ya esos platos! Vamos muy a menudo y los echamos mucho de menos!",Hace 3 a√±os,2021-12-12,5 estrellas
159,user_160,√önico vegetariano en Hondarribia. Hay que reservar con antelaci√≥n el fin de semana aunque tambi√©n atienden en terraza sin reserva. Buena relaci√≥n calidad/precio. Los platos est√°n muy ricos. Personal amable.,Hace 4 a√±os,2020-12-12,4 estrellas
160,user_161,"Maravilloso. Exquisito , diferente , platos espectaculares, atenci√≥n excelente!!!!! Volver√≠a mil veces m√°s",Hace un a√±o,2023-12-12,5 estrellas
161,user_162,"La verdad siempre ha sido mi restaurante favorito, pero este a√±o, est√° mal todo, hay menos trabajadores, menos platos en la carta, menos postres, hasta el sabor ha cambiado, claro que ir√©, pero menos que antes.a buscar ahora otro sitio vegano, vegetariano....",Hace 2 a√±os,2022-12-12,3 estrellas
162,user_163,"Qu√© suerte de conocer El Curry Verde. ¬°Se come de f√°bula! Es un sitio precioso, la comida est√° la mar de rica y el servicio muy simp√°tico y amable.
Destacar que el restaurante es vegetariano con variedad vegana lo que lo hace m√°s especial.
Ech√© en falta un plato con curry verde en el men√∫. ;)",Hace 5 a√±os,2019-12-12,5 estrellas
163,user_164,"Atenci√≥n p√©sima,tiempos de espera prolongados,no se puede pedir en barra no se porque,parece que les gusta recordar tiempos pasados de pandemia,en barra te dicen que te sientes en la terraza y ah√≠ te aburres de esperar  y sirven a los que han llegado los ultimos.",Hace un a√±o,2023-12-12,1 estrella
164,user_165,"50 minutos esperando a 4 samosas fritas y media hora despu√©s el segundo plato. Bufff. Invito al jefe a que se coma la lasa√±a de berenjena. Muy rica de sabor pero el queso abundante, puro chicle",Hace 7 a√±os,2017-12-12,2 estrellas
165,user_166,Muy buena comida vegetariana y el servicio estupendo. No ten√≠an ning√∫n postre apto para diab√©ticos en la carta y nos hicieron uno expresamente.  Fue un detalle muy de agradecer.,Hace 3 a√±os,2021-12-12,5 estrellas
166,user_167,"Comida vegetariana deliciosa.
La carta no es demasiado amplia pero tienes para elegir unos 5 entrantes, 5 ensaladas y 5 platos principales.
Recomiendo los falafel, sabrosos y crujientes.
Aunque suele haber sitio, es mejor que hagas la reserva antes de ir.",Hace 7 a√±os,2017-12-12,4 estrellas
167,user_168,"El mejor vegetariano de Gipuzkoa. Buen ambiente, buena comida, buen men√∫, buen sitio. Lo tiene todo.",Hace 11 meses,2024-01-12,5 estrellas
168,user_169,"La verdad es que se come muy bien! El brownie es espectacular, creo que el mejor que he probado nunca, para mis gusto algo caro, pero creo que la zona es el precio medio y adem√°s lo pagar√≠a de nuevo",Hace 3 a√±os,2021-12-12,4 estrellas
169,user_170,"Calidad precio muy bien, comida muy elaborada y muy rica. La atenci√≥n estraordinarios mucha educaci√≥n y atentos. Muy recomendable  aconsejo pasar por este local si estas en hondarribi",Hace 5 a√±os,2019-12-12,5 estrellas
170,user_171,"Experiencia nefasta por la mala educaci√≥n de la camarera al pedir la carta en papel ,hasta el punto de que hemos tomado caf√© hemos pagado y nos hemos marchado sin desayunar.",Hace un a√±o,2023-12-12,1 estrella
171,user_172,"En general bastante bien, pero Me esperaba mas variedad en la carta...
El agua mejor que fuese embotellada, la sillas y las mesas de la terraza bastante incomodas... la atencion muy buena y la presentaci√≥n tambien.",Hace 8 a√±os,2016-12-12,3 estrellas
172,user_173,"Sencilla y sinceramente, el restaurante 10.
Por calidad en el men√∫ y en la atenci√≥n.
Sin problemas en el estacionamiento, tranquilidad del lugar y hubicaci√≥n.
Poco m√°s se puede pedir.",Hace 3 a√±os,2021-12-12,5 estrellas
173,user_174,Pues como siempre...de 10!!!!,Hace 2 a√±os,2022-12-12,5 estrellas
174,user_175,Muy buena Calidad en los ingredientes.,Hace 7 meses,2024-05-12,5 estrellas
175,user_176,"Me encant√≥. La comida es muy rica, la vista al puesto bonita y los camareros amables.",Hace 3 a√±os,2021-12-12,5 estrellas
176,user_177,"Espectacular. Todo riqu√≠simo, buen trato, buena localizaci√≥n. Cena de 10! Repetiremos sin dudarlo!!",Hace 4 a√±os,2020-12-12,5 estrellas
177,user_178,S√∫per !! El camarero encantador y dispuest√≠simo un sitio a recomendar de coraz√≥n,Hace un a√±o,2023-12-12,5 estrellas
178,user_179,5 porque no se puede 10. Trato fant√°stico comida espectacular y terraza muy agradable. Precioso! 100% recomendable,Hace 3 a√±os,2021-12-12,5 estrellas
179,user_180,"El √∫nico  pero...Un poco ruidoso.
Lo dem√°s de 10",Hace un a√±o,2023-12-12,3 estrellas
180,user_181,"Buena comida, tiene muchos asientos afuera.
No creo que hagan nada especial, as√≠ que no tengo prisa por volver a comer aqu√≠, pero no disuadir√≠a a nadie de visitarlo.",Hace un mes,2024-11-12,4 estrellas
181,user_182,"Un excelente lugar para desayunar, almorzar y entretiempo.

La ubicaci√≥n es estupenda, cerca de la playa, con amplios asientos al aire libre con vistas al puerto deportivo.

El servicio es receptivo, amigable y servicial.

Las opciones de desayuno son fant√°sticas: una variedad de pan tostado con diversas opciones para untar, tazones de yogur, batidos, caf√© y m√°s. El men√∫ del almuerzo suele ser muy bueno, aunque ofrece opciones diferentes a las del t√≠pico bar/restaurante.

El restaurante en s√≠ est√° siempre limpio, espacioso, con ba√±os grandes y limpios.

Mi parada favorita mientras estoy aqu√≠.",Hace 4 meses,2024-08-12,5 estrellas
182,user_183,"Excelente post nado
Desayuno justo al lado del mar. Tostada de aguacate y tostada de tomate con un delicioso aderezo de albahaca. Buen caf√© tambi√©n.",Hace un a√±o,2023-12-12,5 estrellas
183,user_184,"¬°Gran restaurante! Perfecto para comer despu√©s de la playa a un paso ‚õ±Ô∏è La comida es muy buena y el personal es muy amable, especialmente con nuestro hijo (3 a√±os).
Recomiendo üëç",Hace 4 meses,2024-08-12,5 estrellas
184,user_185,"Una buena opci√≥n para el desayuno u otras comidas. Cuando hace buen tiempo, su terraza al aire libre es perfecta. Los lugare√±os son muy amables y hacen muchas sugerencias.
Los huevos y aguacate que elegimos para desayunar hoy, o la tostada de aguacate, queso y pesto fueron MUNDIALES. Caf√©, ¬°uno de los mejores que he probado en mucho tiempo!",Hace 2 a√±os,2022-12-12,4 estrellas
185,user_186,"Esta es una joya escondida, justo al lado de la playa. ¬°N√∫mero limitado de opciones de platos pero todo sabe extremadamente delicioso! Recomendado",Hace un a√±o,2023-12-12,5 estrellas
186,user_187,"Uno de los mejores restaurantes vegetarianos en los que he estado. No hay muchos en esa lista, pero el entorno y el men√∫ funcionaron perfectamente para un almuerzo ligero de verano.",Hace 6 a√±os,2018-12-12,5 estrellas
187,user_188,Excelente restaurante vegetariano con opci√≥n vegana. Aut√©ntica gastronom√≠a culinaria. Una experiencia para vivir. Lo √∫nico que lamento es que los productos no sean org√°nicos.,Hace 7 a√±os,2017-12-12,4 estrellas
188,user_189,Excelente comida en la terraza con una vista muy agradable del puerto. Una amplia variedad de platos vegetarianos para que haya para todos los gustos.,Hace 6 meses,2024-06-12,5 estrellas
189,user_190,Incre√≠ble comida vegana y vegetariana en el puerto. Personal amable... ¬°¬°¬°Volver√©!!!,Hace 6 a√±os,2018-12-12,5 estrellas
190,user_191,Parece un restaurante muy bonito. S√≥lo llegamos el martes por la tarde alrededor de las 20.00 horas y descubrimos que estaba cerrado. L√°stima que los horarios de apertura sean diferentes a los que indica Google. Me hubiera gustado probarlo. Tom√© una foto de los horarios de apertura reales.,Hace 6 a√±os,2018-12-12,2 estrellas
191,user_192,"Un restaurante muy agradable situado a dos pasos de la playa. Personal encantador. Tomar una copa all√≠ es realmente agradable. La cocina, en cambio, me duele decirlo, la cocina, digo, es verdaderamente repulsiva. Hay que ser un vegano de doble crema de color rojo brillante para encontrarlo bueno, y me digo a m√≠ mismo que la vida gastron√≥mica de estas personas excelentes y bien intencionadas no est√° bien recompensada, lo que significa que esta vida es definitivamente injusta.",Hace un a√±o,2023-12-12,3 estrellas
192,user_193,"Gran restaurante, los precios son muy asequibles y el lugar es muy agradable!",Hace 2 a√±os,2022-12-12,5 estrellas
193,user_194,"Fui all√≠ dos veces con mi hija, ¬°una delicia vegetariana desde el entrante hasta el postre! Y los servidores son adorables. ¬°Incluso sus ba√±os son geniales! Y la vista del puerto, de la Rhune... Mi restaurante favorito cuando voy a la Costa Vasca.",Hace 2 a√±os,2022-12-12,5 estrellas
194,user_195,"Estuvo bien. La ensalada ""verd√≠sima"" es bastante ins√≠pida. El curry estaba genial, aunque picante, as√≠ que ten cuidado si no te gusta. Pakoras un poco demasiado secas, se hubiera agradecido un poco m√°s de humedad en la ""masa"". Bueno en general, pero no el mejor. Ofrecen servicio de comida para llevar y la tripulaci√≥n fue muy amable.",Hace 3 a√±os,2021-12-12,3 estrellas
195,user_196,"Como vegetarianos, nuestras opciones suelen ser pocas y espaciadas, por lo que fue un gran descubrimiento encontrar este lugar en l√≠nea. La comida era absolutamente deliciosa y comimos demasiado, pidiendo m√°s de lo que necesit√°bamos porque sab√≠a muy bien. Las croquetas y las samosas estaban deliciosas. Recomiendo encarecidamente este lugar tanto a los consumidores de carne como a los vegetarianos.",Hace 5 a√±os,2019-12-12,5 estrellas
196,user_197,Comida incre√≠ble y gente super amable.,Hace 3 meses,2024-09-12,5 estrellas
197,user_198,"Uno de los mejores lugares de comida vegana de la regi√≥n.
Bonita decoraci√≥n, bonitas vistas del puerto, personal agradable y precios asequibles.
Adem√°s, la comida era muy buena. Una amplia y original selecci√≥n de platos veganos.
Esto no es gastronom√≠a, pero se pod√≠a ver y sentir que todo estaba fresco y casero, ¬°muy bien condimentado!
A pesar de la falta de una tarjeta francesa y nuestro espa√±ol b√°sico, nos atendieron muy bien y con la ayuda de Google pudimos comunicarnos y entender el men√∫ :)
Tenemos que recorrer un largo camino para comer en tu casa (50 km), ¬°pero definitivamente regresaremos!",Hace 6 a√±os,2018-12-12,4 estrellas
198,user_199,"Comida incre√≠ble.
Estoy hablando realmente genial.",Hace un a√±o,2023-12-12,5 estrellas
199,user_200,"¬°Muy buena comida, gente muy agradable y excelente ambiente en general!",Hace 8 meses,2024-04-12,5 estrellas
200,user_201,"Gran restaurante vegetariano! Platos veganos claramente marcados en la carta, bastante econ√≥micos para una comida muy buena. Los anfitriones son muy amables.
Para cenar, la cocina para snacks abre a las 19:00, men√∫ completo disponible a partir de las 20:00.
Buena selecci√≥n de vinos y algunas cervezas vascas locales.
Recomendado, mi lugar al que acudir cuando estoy en el barrio.",Hace 6 a√±os,2018-12-12,5 estrellas
201,user_202,Ten√≠an una amplia selecci√≥n de incre√≠bles cervezas locales y excelentes combinaciones de sabores en sus platos. ¬°Qu√© joya vegetariana entre las trampas para turistas de Hondaribbia! El men√∫ menciona al√©rgenos. Este lugar es muy popular; Tuvimos suerte de conseguir una mesa afuera porque llegamos temprano. Y es el √∫nico restaurante totalmente vegetariano del municipio de Ir√∫n.,Hace 4 a√±os,2020-12-12,5 estrellas
202,user_203,"Brillante. Bonito, bueno, buen precio. Por fin lo vegetariano en el Pa√≠s Vasco.",Hace 5 a√±os,2019-12-12,5 estrellas
203,user_204,"Queridos todos, era un d√≠a soleado en pleno invierno y decidimos probar este restaurante vegetariano.
A la hora del almuerzo estaban bastante llenos 40 personas.
Pedimos 2 entrantes 2 platos.
El entrante fue servido en microondas y sin probar.
El zoup de curcuma fue realmente probado y bueno.
Los nudles se olvidaron durante 20 minutos en el pase y despu√©s de sacar. Ped√≠ calentarme nuevamente y lo hicieron. No fue bueno y el material era bueno.
Personal: la se√±ora es muy amable y sonr√≠e un plus del lugar. Los chicos estaban ocupados y solo piensan en el negocio, no en atender al cliente. Me decepcion√© y se lo dije a la se√±ora, pero no me ofrecieron nada por el retraso de 20 minutos y por los pobres fideos.
. Probablemente estaba lleno y no fueron suficientes para el d√≠a. Para m√≠ no fue una experiencia agradable. Esta es mi experiencia. Pero espero que se puedan organizar mejor y que el chef haga el plato en vivo y no solo ponga el souse y la cocci√≥n.",Hace 6 a√±os,2018-12-12,2 estrellas
204,user_205,"Restaurante con un bonito dise√±o y buena ubicaci√≥n con vistas al puerto. Cerca hay muchas plazas de aparcamiento (de pago). Recibimos una bienvenida muy c√°lida: ¬°el personal es muy amable! Comimos un wrap, tacos y una hamburguesa. Desafortunadamente, en este restaurante se utilizan sustitutos de la carne producidos industrialmente y las salsas saben como si estuvieran en lata, algo que para m√≠ no tiene nada que ver con una cocina vegana, sana y de alta calidad. Habr√≠a hecho la vista gorda si al menos hubiera sido una experiencia de sabor. Los chefs definitivamente se esfuerzan mucho en decorar los platos con estilo. En resumen: Es incre√≠ble lo buenas que son las cr√≠ticas. ¬°Para m√≠ este restaurante es una pura trampa para turistas!",Hace 5 a√±os,2019-12-12,2 estrellas
205,user_206,"Restaurante vegetariano. Si est√°s cansado de la carne o de la comida r√°pida, si te preocupas por tu salud y por lo que comes, entonces este es un buen lugar para ir. Es necesario reservar para tener buenos asientos. Pero a√∫n puedes tener acceso al restaurante sin reservar. Buena vista sobre Francia.",Hace 6 a√±os,2018-12-12,5 estrellas
206,user_207,"Yo no soy fumador, pero con nosotros hab√≠a un se√±or que fuma... y no le permitieron.  Y s√≠, est√°bamos fuera del bar, es decir, en la terraza.  Infracci√≥n de derechos üëå. Est√° bien, al menos nos permitieron comer sin mascarillas üôèü§£‚Ä¶",Hace 3 a√±os,2021-12-12,2 estrellas
207,user_208,"No s√≥lo de croquetas se puede cenar. Es un vegetariano en el Pa√≠s Vasco, algo que ya es un √©xito. Excelentes croquetas, el resto de la comida bastante normales. Buen trato y buen servicio y un precio normal. Para probar vale la pena, pero nada m√°s.",Hace 3 a√±os,2021-12-12,3 estrellas
208,user_209,"¬°La comida es muy buena! ¬°Una vista magn√≠fica del puerto! Y una camarera encantadora, ¬°recomiendo mucho este establecimiento!",Hace 2 a√±os,2022-12-12,5 estrellas
209,user_210,Gran lugar y personal muy amable.,Hace 2 a√±os,2022-12-12,4 estrellas
210,user_211,"Segunda vez que cenamos en este restaurante vegetariano de Ir√∫n. Excelente direcci√≥n: buena relaci√≥n calidad-precio, men√∫ original, servicio muy amable, intentando satisfacer todas sus expectativas. Somos veganos y no comemos gluten: es un placer que se hayan adaptado. Definitivamente regresaremos.",Hace 10 a√±os,2014-12-12,5 estrellas
211,user_212,"La comida estaba deliciosa. No pod√≠a imaginar que la comida vegetariana pudiera ser tan sabrosa. Las ""alb√≥ndigas"" estaban incre√≠bles, las crockets estaban deliciosas y tambi√©n los rollitos de primavera. Probamos casi cualquier cosa del men√∫ y cada porci√≥n fue incre√≠ble.",Hace 7 a√±os,2017-12-12,5 estrellas
212,user_213,As√≠ es.,Hace un mes,2024-11-12,5 estrellas
213,user_214,"¬°¬°¬°¬°¬°¬°¬°¬°Espl√©ndido!!!!!!!!
¬°A mi esposo, que no es vegetariano y no le gustan las verduras, tambi√©n le encant√≥!
Curry de verduras, pasta de champi√±ones.... üëå
¬°Cuidado, los antispasti son abundantes!
¬°Suculento!
El entorno es magn√≠fico, por supuesto, con vistas a la bah√≠a de Hendaya.",Hace 5 a√±os,2019-12-12,5 estrellas
214,user_215,"No vamos all√≠ para comer, sino para ver las monta√±as al fondo del puerto.
La comida no es mala, simplemente sencilla.",Hace un a√±o,2023-12-12,4 estrellas
215,user_216,"Muy buenos productos frescos y lugar muy agradable. Personal atento. Men√∫ variado y original, ¬°recuerda reservar!",Hace 4 a√±os,2020-12-12,5 estrellas
216,user_217,"Supremo... Un lugar maravilloso, no importa hacia d√≥nde miremos, cada vez que vamos estamos en un lugar hermoso. Comida sana y verdaderamente perfecta... ¬°¬°Imprescindible en Honddarbi!! Por otro lado muy buen equipo trabajando all√≠, buen trato. Felicidades CURRY!!",Hace 3 a√±os,2021-12-12,5 estrellas
217,user_218,"Gran lugar!! ¬°Siempre es un placer venir aqu√≠! Un poco caro para lo que obtienes, de ah√≠ las cuatro estrellas, pero definitivamente vale la pena una visita.",Hace 4 a√±os,2020-12-12,4 estrellas
218,user_219,"Producto de 10.
Servicio correcto pero desorganizado.
Y mucho, pero q muy lento sirviendo las mesas... vale q estamos de vacaciones pero 150 min x almuerzo 4 me parece excesivo ¬°!!!",Hace 3 a√±os,2021-12-12,4 estrellas
219,user_220,"Magn√≠fico descubrimiento. Gran bienvenida, comida deliciosa.",Hace un a√±o,2023-12-12,5 estrellas
220,user_221,¬°Muy buena comida! ¬°Un lugar incre√≠ble!,Hace 8 meses,2024-04-12,5 estrellas
221,user_222,Bien situado! ¬°Muy buen servicio de los camareros! ¬°La ensalada de quinoa buen√≠sima y el guacamole casero tambi√©n!,Hace 3 a√±os,2021-12-12,5 estrellas
222,user_223,"Excelente.
Establecimiento muy limpio. Los platos son una delicia y el vino tinto tambi√©n.
Los servidores son muy amigables.",Hace 5 a√±os,2019-12-12,5 estrellas
223,user_224,Los platos vegetarianos son el futuro. No entiendo a la gente que siempre necesita comer carne. ¬°El Curry Verde demuestra que la carne est√° sobrevalorada! Excelente ubicaci√≥n en el puerto y personal amable.,Hace 4 a√±os,2020-12-12,5 estrellas
224,user_225,"Los fideos estaban ligeramente fr√≠os y tambi√©n amargos porque usaban demasiado pesto.
No pude terminar mi plato. La comida se ve muy buena y el ambiente tambi√©n.",Hace 5 a√±os,2019-12-12,3 estrellas
225,user_226,"Un restaurante interesante sin carne y sin pescado. La presentaci√≥n de los platos es original, demasiadas especias y cebolla en algunos platos. El servicio es r√°pido, todo est√° preparado para cada cliente. ¬°El helado de mango con chips de chocolate es un √©xito! .",Hace 6 a√±os,2018-12-12,5 estrellas
226,user_227,"De hecho, el lugar es muy agradable, especialmente cuando hace buen tiempo. ¬°Larga espera para un curry ligeramente suave de verduras tailandesas sin cilantro!",Hace 6 a√±os,2018-12-12,2 estrellas
227,user_228,"¬°Una vez m√°s, tuvimos un gran almuerzo all√≠! Comida deliciosa y un ambiente agradable. Muchas gracias,",Hace 3 a√±os,2021-12-12,5 estrellas
228,user_229,"Primera experiencia vegetariana y muy grata sorpresa, cocina muy refinada, entorno fabuloso y camarero muy sonriente, lo recomiendo.",Hace 6 a√±os,2018-12-12,5 estrellas
229,user_230,"Hemos estado all√≠ cuatro veces, con toda la familia, con amigos o en pareja... ¬°Adivina! Por el excelente servicio y la fiesta hasta el techo.",Hace 3 a√±os,2021-12-12,5 estrellas
230,user_231,Comida deliciosa. Personal servicial y atento. Todos hablan ingl√©s. ¬°Definitivamente recomendado!,Hace 5 a√±os,2019-12-12,5 estrellas
231,user_232,"¬°Lugar perfecto!
Tantas opciones veganas, desde entrantes hasta postres, ¬°todo estuvo delicioso!  Una verdadera joya :)",Hace 6 a√±os,2018-12-12,5 estrellas
232,user_233,"Lugar amplio y confortable, camareros educados, platos originales y precios razonables. ¬°Felicitaciones al equipo!",Hace 2 a√±os,2022-12-12,5 estrellas
233,user_234,Excelente comida vegetariana/vegana y gran selecci√≥n de cervezas locales. Prueba el delicioso guacamole.,Hace 5 a√±os,2019-12-12,5 estrellas
234,user_235,"Nos gust√≥ mucho. La atenci√≥n, la comida, el lugar.....todo es fabuloso. Seguro que volveremos pronto.",Hace 2 a√±os,2022-12-12,5 estrellas
235,user_236,"La comida es excelente, ¬°recomiendo absolutamente ir all√≠!",Hace 4 a√±os,2020-12-12,5 estrellas
236,user_237,"Muy buen restaurante, buena comida y vistas al peque√±o puerto.",Hace 5 a√±os,2019-12-12,5 estrellas
237,user_238,"Lugares agradables, la paella era buena pero los profiteroles eran terribles.",Hace 5 a√±os,2019-12-12,3 estrellas
238,user_239,"Siempre ocupado, gran calidad, men√∫ corto, pero cualquier elecci√≥n es buena.",Hace 6 a√±os,2018-12-12,5 estrellas
239,user_240,"Equipo amable, platos vegetarianos deliciosos, peque√±os y finos.",Hace un a√±o,2023-12-12,5 estrellas
240,user_241,¬°Comida incre√≠ble! Imprescindible cuando est√©s en la zona ‚ò∫Ô∏è,Hace 2 a√±os,2022-12-12,5 estrellas
241,user_242,Deliciosa comida vegana üòç cuidado con dejar algo de espacio para la tarta de chocolate!!!‚Ä¶,Hace 6 a√±os,2018-12-12,5 estrellas
242,user_243,"Verduras sabrosas, buenas cervezas y excelente lugar.",Hace 5 a√±os,2019-12-12,5 estrellas
243,user_244,"Delicioso, delicioso. Sigue as√≠ üòãüòãüòçüòç‚Ä¶",Hace 2 a√±os,2022-12-12,5 estrellas
244,user_245,"Bueno bueno, buen ambiente en el puerto deportivo.",Hace 3 a√±os,2021-12-12,5 estrellas
245,user_246,El para√≠so para los veganos franceses que tienen la suerte de vivir cerca de la frontera.,Hace 6 a√±os,2018-12-12,5 estrellas
246,user_247,El mejor desayuno con una hermosa vista al puerto.,Hace 5 a√±os,2019-12-12,5 estrellas
247,user_248,"EXCELENTE.  DELICIOSO. ESPERANDO VOLVER
Y PERSONAL BENEFICIOSO.",Hace 4 a√±os,2020-12-12,5 estrellas
248,user_249,Buena comida en un lugar encantador.,Hace 8 a√±os,2016-12-12,5 estrellas
249,user_250,Text Null,Hace 8 a√±os,2016-12-12,5 estrellas
250,user_251,¬°Todo muy bueno!,Hace 5 a√±os,2019-12-12,5 estrellas
251,user_252,Platos muy sabrosos a buen precio.,Hace 6 a√±os,2018-12-12,5 estrellas
252,user_253,¬°¬°Es tu culpa con lar!!,Hace 2 a√±os,2022-12-12,5 estrellas
253,user_254,Soy carn√≠voro y es genial.,Hace 2 a√±os,2022-12-12,5 estrellas
254,user_255,Buena acogida y precios razonables.,Hace 4 a√±os,2020-12-12,4 estrellas
255,user_256,Text Null,Hace 4 a√±os,2020-12-12,4 estrellas
256,user_257,¬°Brindis maravillosos!,Hace un a√±o,2023-12-12,5 estrellas
257,user_258,Lindo,Hace un a√±o,2023-12-12,4 estrellas
258,user_259,Text Null,Hace un a√±o,2023-12-12,4 estrellas
259,user_260,Text Null,Hace un a√±o,2023-12-12,4 estrellas
260,user_261,Text Null,Hace un a√±o,2023-12-12,4 estrellas
261,user_262,¬°Excelente!,Hace un a√±o,2023-12-12,5 estrellas
262,user_263,Text Null,Hace un a√±o,2023-12-12,5 estrellas
263,user_264,Muy buenas croquetas,Hace 5 a√±os,2019-12-12,4 estrellas
264,user_265,Correcto.,Hace 4 a√±os,2020-12-12,4 estrellas
265,user_266,Text Null,Hace 4 a√±os,2020-12-12,4 estrellas
266,user_267,Descubrimiento sobre consejo feliz sorpresa.,Hace 6 a√±os,2018-12-12,4 estrellas
267,user_268,Text Null,Hace 6 a√±os,2018-12-12,4 estrellas
268,user_269,Text Null,Hace 6 a√±os,2018-12-12,4 estrellas
269,user_270,Text Null,Hace 6 a√±os,2018-12-12,4 estrellas
270,user_271,Text Null,Hace 6 a√±os,2018-12-12,4 estrellas
271,user_272,Text Null,Hace 6 a√±os,2018-12-12,4 estrellas
272,user_273,Text Null,Hace 6 a√±os,2018-12-12,4 estrellas
273,user_274,Text Null,Hace 6 a√±os,2018-12-12,4 estrellas
274,user_275,Text Null,Hace 6 a√±os,2018-12-12,4 estrellas
275,user_276,Text Null,Hace 6 a√±os,2018-12-12,4 estrellas
276,user_277,Lindo,Hace 6 a√±os,2018-12-12,3 estrellas
277,user_278,Gran lugar vegetariano,Hace un mes,2024-11-12,5 estrellas
278,user_279,¬°EL restaurante vegetariano en Hondarribia!,Hace 5 a√±os,2019-12-12,5 estrellas
279,user_280,Text Null,Hace 5 a√±os,2019-12-12,5 estrellas
280,user_281,excelente comida,Hace 4 a√±os,2020-12-12,5 estrellas
281,user_282,Text Null,Hace 4 a√±os,2020-12-12,5 estrellas
282,user_283,Text Null,Hace 4 a√±os,2020-12-12,5 estrellas
283,user_284,Hontto kroketa earrak.,Hace 6 a√±os,2018-12-12,5 estrellas
284,user_285,Text Null,Hace 6 a√±os,2018-12-12,5 estrellas
285,user_286,Text Null,Hace 6 a√±os,2018-12-12,5 estrellas
286,user_287,Text Null,Hace 6 a√±os,2018-12-12,5 estrellas
287,user_288,Text Null,Hace 6 a√±os,2018-12-12,5 estrellas
288,user_289,Text Null,Hace 6 a√±os,2018-12-12,5 estrellas
289,user_290,S√∫per,Hace 3 a√±os,2021-12-12,4 estrellas
290,user_291,Text Null,Hace 3 a√±os,2021-12-12,4 estrellas
291,user_292,Text Null,Hace 3 a√±os,2021-12-12,4 estrellas
292,user_293,Text Null,Hace 3 a√±os,2021-12-12,4 estrellas
293,user_294,Text Null,Hace 3 a√±os,2021-12-12,4 estrellas
294,user_295,Text Null,Hace 3 a√±os,2021-12-12,4 estrellas
295,user_296,Text Null,Hace 3 a√±os,2021-12-12,4 estrellas
296,user_297,Text Null,Hace 3 a√±os,2021-12-12,4 estrellas
297,user_298,Text Null,Hace 3 a√±os,2021-12-12,4 estrellas
298,user_299,Text Null,Hace 3 a√±os,2021-12-12,4 estrellas
299,user_300,Text Null,Hace 3 a√±os,2021-12-12,4 estrellas
300,user_301,Text Null,Hace 3 a√±os,2021-12-12,4 estrellas
301,user_302,Text Null,Hace 3 a√±os,2021-12-12,4 estrellas
302,user_303,Text Null,Hace 3 a√±os,2021-12-12,4 estrellas
303,user_304,Text Null,Hace 3 a√±os,2021-12-12,4 estrellas
304,user_305,Text Null,Hace 3 a√±os,2021-12-12,4 estrellas
305,user_306,Text Null,Hace 3 a√±os,2021-12-12,4 estrellas
306,user_307,Text Null,Hace 3 a√±os,2021-12-12,4 estrellas
307,user_308,Text Null,Hace 3 a√±os,2021-12-12,4 estrellas
308,user_309,Text Null,Hace 3 a√±os,2021-12-12,4 estrellas
309,user_310,Text Null,Hace 3 a√±os,2021-12-12,4 estrellas
310,user_311,Text Null,Hace 3 a√±os,2021-12-12,4 estrellas
311,user_312,Text Null,Hace 3 a√±os,2021-12-12,4 estrellas
312,user_313,Text Null,Hace 3 a√±os,2021-12-12,4 estrellas
313,user_314,Text Null,Hace 3 a√±os,2021-12-12,4 estrellas
314,user_315,Text Null,Hace 3 a√±os,2021-12-12,4 estrellas
315,user_316,Text Null,Hace 3 a√±os,2021-12-12,4 estrellas
316,user_317,Text Null,Hace 3 a√±os,2021-12-12,4 estrellas
317,user_318,Text Null,Hace 3 a√±os,2021-12-12,4 estrellas
318,user_319,Text Null,Hace 3 a√±os,2021-12-12,4 estrellas
319,user_320,Text Null,Hace 3 a√±os,2021-12-12,4 estrellas
320,user_321,Text Null,Hace 3 a√±os,2021-12-12,4 estrellas
321,user_322,Text Null,Hace 3 a√±os,2021-12-12,4 estrellas
322,user_323,Text Null,Hace 3 a√±os,2021-12-12,4 estrellas
323,user_324,Text Null,Hace 3 a√±os,2021-12-12,4 estrellas
324,user_325,Text Null,Hace 3 a√±os,2021-12-12,4 estrellas
325,user_326,Text Null,Hace 3 a√±os,2021-12-12,4 estrellas
326,user_327,Text Null,Hace 3 a√±os,2021-12-12,4 estrellas
327,user_328,Text Null,Hace 3 a√±os,2021-12-12,4 estrellas
328,user_329,Text Null,Hace 3 a√±os,2021-12-12,4 estrellas
329,user_330,Text Null,Hace 3 a√±os,2021-12-12,4 estrellas
330,user_331,Text Null,Hace 3 a√±os,2021-12-12,4 estrellas
331,user_332,Text Null,Hace 3 a√±os,2021-12-12,4 estrellas
332,user_333,Text Null,Hace 3 a√±os,2021-12-12,4 estrellas
333,user_334,Text Null,Hace 3 a√±os,2021-12-12,4 estrellas
334,user_335,Text Null,Hace 3 a√±os,2021-12-12,4 estrellas
335,user_336,Text Null,Hace 3 a√±os,2021-12-12,4 estrellas
336,user_337,Text Null,Hace 3 a√±os,2021-12-12,4 estrellas
337,user_338,Text Null,Hace 3 a√±os,2021-12-12,4 estrellas
338,user_339,Text Null,Hace 3 a√±os,2021-12-12,4 estrellas
339,user_340,Text Null,Hace 3 a√±os,2021-12-12,4 estrellas
340,user_341,Text Null,Hace 3 a√±os,2021-12-12,4 estrellas
341,user_342,Text Null,Hace 3 a√±os,2021-12-12,4 estrellas
342,user_343,Text Null,Hace 3 a√±os,2021-12-12,4 estrellas
343,user_344,Text Null,Hace 3 a√±os,2021-12-12,4 estrellas
344,user_345,Text Null,Hace 3 a√±os,2021-12-12,4 estrellas
345,user_346,Text Null,Hace 3 a√±os,2021-12-12,4 estrellas
346,user_347,Text Null,Hace 3 a√±os,2021-12-12,4 estrellas
347,user_348,Text Null,Hace 3 a√±os,2021-12-12,4 estrellas
348,user_349,Text Null,Hace 3 a√±os,2021-12-12,4 estrellas
349,user_350,Text Null,Hace 3 a√±os,2021-12-12,4 estrellas
350,user_351,Text Null,Hace 3 a√±os,2021-12-12,4 estrellas
351,user_352,Text Null,Hace 3 a√±os,2021-12-12,4 estrellas
352,user_353,Text Null,Hace 3 a√±os,2021-12-12,4 estrellas
353,user_354,Text Null,Hace 3 a√±os,2021-12-12,4 estrellas
354,user_355,Text Null,Hace 3 a√±os,2021-12-12,4 estrellas
355,user_356,Text Null,Hace 3 a√±os,2021-12-12,4 estrellas
356,user_357,Text Null,Hace 3 a√±os,2021-12-12,4 estrellas
357,user_358,Text Null,Hace 3 a√±os,2021-12-12,4 estrellas
358,user_359,Text Null,Hace 3 a√±os,2021-12-12,4 estrellas
359,user_360,Text Null,Hace 3 a√±os,2021-12-12,4 estrellas
